{
  "project_info": {
    "project_number": "35708720904",
    "firebase_url": "https://corona-data-7ca3d.firebaseio.com",
    "project_id": "corona-data-7ca3d",
    "storage_bucket": "corona-data-7ca3d.appspot.com"
  },
  "client": [
    {
      "client_info": {
        "mobilesdk_app_id": "1:35708720904:android:c5537cba2f51dd87bd3ebd",
        "android_client_info": {
          "package_name": "com.tauk.coronacitydataapp"
        }
      },
      "oauth_client": [
        {
          "client_id": "35708720904-5i3rft59l3bbb9b4vj9loslhmlf6rjeb.apps.googleusercontent.com",
          "client_type": 3
        }
      ],
      "api_key": [
        {
          "current_key": "AIzaSyAwG5t-YhdKETpSpuj31MZAa-6-P9hqpO4"
        }
      ],
      "services": {
        "appinvite_service": {
          "other_platform_oauth_client": [
            {
              "client_id": "35708720904-5i3rft59l3bbb9b4vj9loslhmlf6rjeb.apps.googleusercontent.com",
              "client_type": 3
            }
          ]
        }
      }
    }
  ],
  "configuration_version": "1"
}